ID,"Position","Rotation","Scale"
1,"0.008233,0,-0.01294","90.00001,0,-189.895","39.75516,575.1573,39.75516"
2,"-0.0244,0,-0.0243","90.00001,0,-132.958","39.75516,575.1573,39.75516"
3,"-0.0463,0,0.0216","90.00001,0,-189.895","39.75516,575.1573,39.75516"
4,"-0.047,0,-0.0512","90.00001,0,-289.318","39.75516,575.1573,39.75516"
5,"0.0454,0,0.0158","90.000012,0,-136.01","39.75516,575.1573,39.75516"
6,"-0.0734,0,0.046","90.000012,0,-189.895","39.75516,575.1573,39.75516"
7,"0,0,0","90.000012,0,-74.632","39.75516,575.1573,39.75516"
8,"-0.0878,0,-0.0179","90.000012,0,-128.194","39.75516,575.1573,39.75516"
9,"-0.0214,0,0.0489","90.000012,0,-329.343","39.75516,575.1573,39.75516"