ID,"Position","Rotation","Scale"
1,"0.0083,0.0021,-0.0127","93.166699,9.895044,-180","39.75516,575.1573,39.75516"
2,"-0.0244,0,-0.0243","90.00001,0,-132.958","39.75516,575.1573,39.75516"
3,"-0.04629039,0.002097551,0.0217553","93.31702,9.895004,-180","39.75516,575.1573,39.75516"
4,"-0.047,0,-0.0512","90.00001,0,-289.318","39.75516,575.1573,39.75516"
5,"0.04106843,0.001797544,0.01152898","87.142,-43.99,-180","39.75516,575.1573,39.75516"
6,"-0.0734,0,0.046","90.000012,0,-189.895","39.75516,575.1573,39.75516"
7,"0,-0.0021,0","90,0,-74.632","39.75516,575.1573,39.75516"
8,"-0.08777916,0.001301304,-0.01791635","94.12,269.105,-39.017","39.75516,575.1573,39.75516"
9,"-0.0213,0.003950504,0.04894155","448.635,-208.845,1.812","39.75516,575.1573,39.75516"